[
    {
        "authors": "Yasaka Shuu",
        "id": 1,
        "type": "manga",
        "title": 1,
        "slug": "doushitara-osananajimi-no-kanojo-ni-naremasu-ka",
        "status": "pending",
        "is_active": 1,
        "image": "https://mytoon.net/cover/doushitara-osananajimi-no-kanojo-ni-naremasu-ka.png",
        "count": 12,
        "rate": 4,
        "view": 1996,
        "description": "High schoolers Minami Ikoma and Yuzu Makita have been childhood friends since grade school. Since their parents are friends, they have always been together. However, as Minami sees her friend get confessed to, feelings in her own heart start to sprout. A romantic comedy of two childhood friend starts.\n",
        "release_at": "12/09/2022 16:20:58",
        "created_at": "2023/02/13 14:44:57",
        "updated_at": "2023/02/13 14:44:57"
    },
    {
        "authors": "911",
        "id": 2,
        "type": "manga",
        "title": 2,
        "slug": "build-up",
        "status": "pending",
        "is_active": 1,
        "image": "https://mytoon.net/content/upload/images/Build-Up.jpg",
        "count": 96,
        "rate": 3,
        "view": 422399,
        "description": "Kang Maru is just an ordinary kid who likes what kids like and plays what kids play, But one day he was forced to watch a Football World Cup instead of an animation, simply because his father is a fan and is the owner of the TV set. At a glance of that said sports, he was mesmerized and fixated to a game of football that his heart is racing because of the intensity of that sports, unbeknownst to him he already love the game., because of this, he set his goal, and that goal is to be a football player!\n",
        "release_at": "07/04/2022 18:35:45",
        "created_at": "2023/02/13 14:45:10",
        "updated_at": "2023/02/13 14:45:10"
    },
    {
        "authors": "최팔호",
        "id": 3,
        "type": "manga",
        "title": 5,
        "slug": "an-animal-hospital-in-the-border-area",
        "status": "pending",
        "is_active": 1,
        "image": "https://mytoon.net/poster/an-animal-hospital-in-the-border-area.jpg",
        "count": 89,
        "rate": 4,
        "view": 377921,
        "description": "Paris-flying veterinarian named after new recruits! Kim A-young, head of the animal hospital who is struggling with loans. One day you get a phone call. \n\nDo you see reptiles there? \n\nI’m doing reptile therapy, which is not my major for a living. It’s a reptile for use, isn’t it? A blue dragon is here to see a doctor! Ahyoung Animal Hospital, where word of mouth went out when she treated him after a faint blast. New patients line up. Looking at the animals in a state of unimaginable identity, Ah-Yeong was briefly taken into consideration for their generous medical expenses. \n\nMonster? Blue Dragon? I don’t know! Money is the best! \n\nThe veterinarian’s new medical device. Will Ahyoung be able to treat special patients safely and return to a peaceful daily life?",
        "release_at": "07/14/2022 21:44:32",
        "created_at": "2023/02/13 14:50:46",
        "updated_at": "2023/02/13 14:50:46"
    },
    {
        "authors": "Jin Seolwoo,진설우",
        "id": 4,
        "type": "manga",
        "title": 6,
        "slug": "seoul-station-necromancer",
        "status": "pending",
        "is_active": 1,
        "image": "https://mytoon.net/poster/Seoul-Station-Necromancer.jpg",
        "count": 80,
        "rate": 4,
        "view": 636737,
        "description": "You have entered the dungeon at Gwachun Station’s 1st Exit. Wait—? What is this??\r\n\r\nA necromancer returns to Earth after 20 years and enters…the subway station? No, it’s a dungeon.\r\n\r\nBow down to the splendor of my one man army as I begin to seize it.",
        "release_at": "11/20/2021 00:48:13",
        "created_at": "2023/02/13 14:52:04",
        "updated_at": "2023/02/13 14:52:04"
    },
    {
        "authors": "溯痕,原点格子漫画,慢性冲动,陆放",
        "id": 5,
        "type": "manga",
        "title": 7,
        "slug": "from-the-serpents-eyes",
        "status": "pending",
        "is_active": 1,
        "image": "https://mytoon.net/poster/from-the-serpents-eyes.jpg",
        "count": 50,
        "rate": 4,
        "view": 60766,
        "description": "“Warning: Yaoi content: This manga contains materials that might not be suitable to children under 17. By proceeding, you are confirming that you are 17 or older.”\r\n\r\nThe snake spirit Yi Mo and a scholar Shen Qingxuan met each other over a cup of tea. After Shen finally left with regret, Yi Mo realized that he counldn’t live without him, so he pursued Shen in his next lifetime… Can a mortal and a snake spirit fall into a romantic relationship?",
        "release_at": "11/18/2022 00:26:44",
        "created_at": "2023/02/13 14:53:05",
        "updated_at": "2023/02/13 14:53:05"
    },
    {
        "authors": "Kwon Yi Eun,Marucomics",
        "id": 6,
        "type": "manga",
        "title": 8,
        "slug": "while-im-back-in-time-ill-get-my-revenge",
        "status": "pending",
        "is_active": 1,
        "image": "https://mytoon.net/poster/while-im-back-in-time-ill-get-my-revenge.jpg",
        "count": 25,
        "rate": 4,
        "view": 14855,
        "description": "Most people would consider getting a second chance at life a blessing, but Arnell Radfell is furious when she wakes up to find herself back in the past. Terrified of having to suffer through the horrors of her past life twice, she attempts to end her life again but is rescued by Sir Herbert Schladin, the very man who gave her the courage to end her life the first time. However, when Arnell finds out that she can use the power of mana, she has a change of heart. They say revenge is sweet, and now, Arnell is determined to make everyone who made her suffer in her past life pay.",
        "release_at": "11/04/2022 21:59:47",
        "created_at": "2023/02/13 14:53:47",
        "updated_at": "2023/02/13 14:53:47"
    },
    {
        "authors": "Updating",
        "id": 7,
        "type": "manga",
        "title": 9,
        "slug": "the-secret-life-of-a-certain-counts-lady",
        "status": "pending",
        "is_active": 1,
        "image": "https://mytoon.net/cover/the-secret-life-of-a-certain-counts-lady.jpg",
        "count": 27,
        "rate": 4,
        "view": 11549,
        "description": "The Secret Life of a Certain Count’s Lady manhwa,     Lirian, the forces of evil are ravaging this world. We need a strong knight to destroy the spirit of evil that is approaching us. A righteous and strong knight! And the knight that’s you, Lirian.Wow, that’s ridiculous.I just want to live a normal life. I have a dream to marry a handsome man. Then will enjoy life as a cottage like the house of a count. I never thought about doing justice or protecting world peace. But God chose me!Power? Sharp sword? Why give me? Why me!Liri, would you like to come with me to the capital? Isn’t it better to go with a guy like me compared to going alone?umI was joking just now. It’s a bitHmm, that makes sense. I’m Aheros Arman, the 3rd prince of the Arman Empire.Wow, emperor, prince!\n",
        "release_at": "08/30/2022 03:23:45",
        "created_at": "2023/02/13 14:54:12",
        "updated_at": "2023/02/13 14:54:12"
    },
    {
        "authors": "Updating",
        "id": 8,
        "type": "manga",
        "title": 10,
        "slug": "circumstances-of-changing-bodies",
        "status": "pending",
        "is_active": 1,
        "image": "https://mytoon.net/cover/circumstances-of-changing-bodies.jpg",
        "count": 72,
        "rate": 4,
        "view": 283086,
        "description": "Circumstances of Changing BodiesThe prince was cursed of switching bodies with the woman he spent the night with, and I became the daughter of the duke who could not solve the curse.Read more\n",
        "release_at": "07/17/2022 15:02:05",
        "created_at": "2023/02/13 14:54:40",
        "updated_at": "2023/02/13 14:54:40"
    },
    {
        "authors": "Chuanqi Man Ye,Jin Soye",
        "id": 9,
        "type": "manga",
        "title": 11,
        "slug": "dominating-the-town",
        "status": "pending",
        "is_active": 1,
        "image": "https://mytoon.net/content/upload/images/dominating-the-town-789.jpg",
        "count": 229,
        "rate": 4,
        "view": 1369496,
        "description": "Zhian Tian was abandoned by his father along with his mother and sister. They moved to the East China Sea to earn a living, but his mother was murdered and framed to look like a suicide jump off of a building... Fortunately, a mysterious person rescued him and took him to join the army. After ten years of bloody battlefields and fighting bravely to kill enemies, Zhan Tian ascended from being a border pawn, all the way to being called ’The God of War’. He leads the iron cavalry under his command to sweep borders, guard territories, drive out the barbarians, and set a world-leading feat. Ten years later, he received an imperial edict and returned to Beijing to report on his duties. Finally, he had the opportunity to make everyone tremble under his feet.",
        "release_at": "06/16/2022 16:18:36",
        "created_at": "2023/02/13 14:55:53",
        "updated_at": "2023/02/13 14:55:53"
    },
    {
        "authors": "Dagabi,Flower J,Jin Soye",
        "id": 10,
        "type": "manga",
        "title": 12,
        "slug": "faking-it-in-style",
        "status": "pending",
        "is_active": 1,
        "image": "https://mytoon.net/content/upload/images/22-1609604420.jpg",
        "count": 112,
        "rate": 4,
        "view": 460498,
        "description": "Suah is a petite, red-haired designer who leads a drama-free life… until one morning, she wakes up tied to a chair. The man scowling down at her is none other than her roommate’s scary older brother, Seung-hyun, the owner of the apartment she’s been living in rent-free for the past eight years. He gives her one week to pack her bags and move out. Panicked Suah tries to plead and beg, but the coldhearted Seung-hyun’s got the upper hand. That is, until he runs into Suah at work. Turns out she’s not only an essential member of the new team he put together, but also one of the best employees he’s ever worked with. Like it or not, the two are stuck with each other for the foreseeable future… Can Suah convince Seung-hyun to let her stay? And how will Seung-hyun keep things professional with the woman he wants to kick out of his house?\n",
        "release_at": "01/03/2021",
        "created_at": "2023/02/13 14:59:08",
        "updated_at": "2023/02/13 14:59:08"
    },
    {
        "authors": "酸奶丸子/sf轻小说,Lukezrc",
        "id": 11,
        "type": "manga",
        "title": 13,
        "slug": "infinite-apostles-and-twelve-war-girls",
        "status": "pending",
        "is_active": 1,
        "image": "https://mytoon.net/content/upload/images/3546-ld922127.jpg",
        "count": 319,
        "rate": 4,
        "view": 1623098,
        "description": "Description : he is recognized as the strongest existence, standing at the top of the world. Wealth? fame? Power? It was not worth mentioning in his eyes. The strongest apostles fled and startled the human continent for the reason: “Don’t get me wrong! Lao Zi came to look for his future wife! ”Yes, it’s a story about the strongest single apostle ever looking for a wife.\n",
        "release_at": "10/08/2020",
        "created_at": "2023/02/13 15:00:36",
        "updated_at": "2023/02/13 15:00:36"
    },
    {
        "authors": "Updating",
        "id": 12,
        "type": "manga",
        "title": 14,
        "slug": "return-of-the-avenger",
        "status": "pending",
        "is_active": 1,
        "image": "https://mytoon.net/cover/return-of-the-avenger.png",
        "count": 0,
        "rate": 0,
        "view": 50,
        "description": "Return Of The Avenger summary is updating. Come visit mangabuddy.com sometime to read the latest chapter of Return Of The Avenger. If you have any question about this manga, Please don’t hesitate to contact us or translate team. Hope you enjoy it.\n",
        "release_at": "updating",
        "created_at": "2023/02/13 15:06:32",
        "updated_at": "2023/02/13 15:06:32"
    },
    {
        "authors": "김신형,Ullpe",
        "id": 13,
        "type": "manga",
        "title": 15,
        "slug": "dictatorship",
        "status": "pending",
        "is_active": 1,
        "image": "https://mytoon.net/content/upload/images/Dictatorship.jpg",
        "count": 96,
        "rate": 4,
        "view": 427836,
        "description": "“Friedrich Dürrenmatt once said, ‘It is only in love and murder that we still remain sincere.’ Since you’re still alive, does that mean I love you?” Every single moment she’s kept alive will become his weakness. To kill her or let her live? “You are very strange.” “You’re strange as well.” In his head, he had killed her many times and revived her just as many. He who desires dictatorship so much to even spill blood, the Arab Sultan, Ashan Al Rujerta. And the girl who stands in front of that cruel man’s gun, Han Seoyoon. “This little game is over.” The girl’s favor to this frightening, honorable tyrant is as dangerous as a game of Russian Roulette. The Arab Federative Empire, Oman. The extraordinary sun of that empire, Aska. The way he laughs is so innocent and unbefitting of a country’s ruler. “Isn’t it suffocating?” “A little.” “Should we run away together?” She reached out her hand to him without thinking. If she said she was joking now, Aska would definitely chop her hands off. “Take responsibility for what you said.” That’s how Han Seoyoon kidnapped one of the greatest sultans of Oman.\n",
        "release_at": "04/11/2021",
        "created_at": "2023/02/13 15:06:36",
        "updated_at": "2023/02/13 15:06:36"
    },
    {
        "authors": "Ari",
        "id": 14,
        "type": "manga",
        "title": 16,
        "slug": "to-you-who-kept-the-star",
        "status": "pending",
        "is_active": 1,
        "image": "https://mytoon.net/content/upload/images/to-you-who-keep-the-star.jpg",
        "count": 108,
        "rate": 4,
        "view": 456191,
        "description": "To You Who Kept The Star Manga : The reason why we shine even in the dark reality is that we have different stars. Our growth that shines like a star, and romance\n",
        "release_at": "08/02/2020",
        "created_at": "2023/02/13 15:08:03",
        "updated_at": "2023/02/13 15:08:03"
    },
    {
        "authors": "Jiong Jiong You Yao,Popcorn Animation",
        "id": 15,
        "type": "manga",
        "title": 17,
        "slug": "perfect-secret-love-the-bad-new-wife-is-a-little-sweet",
        "status": "pending",
        "is_active": 1,
        "image": "https://mytoon.net/content/upload/images/20-1583502506.jpg",
        "count": 371,
        "rate": 4,
        "view": 2288492,
        "description": "“How perverted is Si Ye Han’s taste? He still wants me like this?” Waking up, she looked at her reflection in the mirror: explosive wig, tattoos, and demon-like makeup. Any normal person’s eyes would burn if they looked at her for more than a second.\n",
        "release_at": "02/28/2020",
        "created_at": "2023/02/13 15:10:08",
        "updated_at": "2023/02/13 15:10:08"
    },
    {
        "authors": "Hur Hyunju",
        "id": 16,
        "type": "manga",
        "title": 18,
        "slug": "the-touch-of-your-magic",
        "status": "pending",
        "is_active": 1,
        "image": "https://mytoon.net/content/upload/images/the-touch-of-your-magic.jpg",
        "count": 86,
        "rate": 4,
        "view": 361526,
        "description": " Getting struck by lightning, breaking a bone, failing examsㅡthese are the “accidents” that happen when one becomes friends with Jia. Bringing bad luck to people has been a condition of Jia’s for as long as she can remember… until she meets Gun and Hyunㅡ two mysterious brothers who happen to be wizards! With the help of magic, she’s determined to ward off her curse no matter what. But does Jia realize what kind of sorcery she’s actually getting herself into?",
        "release_at": "06/11/2021",
        "created_at": "2023/02/13 15:16:52",
        "updated_at": "2023/02/13 15:16:52"
    },
    {
        "authors": "千亮",
        "id": 17,
        "type": "manga",
        "title": 19,
        "slug": "ghost-emperor",
        "status": "pending",
        "is_active": 1,
        "image": "https://mytoon.net/content/upload/images/3427-tx922012.jpg",
        "count": 102,
        "rate": 4,
        "view": 498833,
        "description": " Description : The comic tells the story of an atheistic teenager Jiang Chengfeng who, by accident, acquired a magical power. With this power, he can easily resolve the most terrifying and fearful events in the world. This time, the mission is to rescue a missing boy, and the location is the horrifying Kun Kunyan! See how he passes through all the way! Fighting evil spirits! Dont pretend to be a ghost! Otherwise, they will all burst! ",
        "release_at": "04/04/2020",
        "created_at": "2023/02/13 15:18:31",
        "updated_at": "2023/02/13 15:18:31"
    },
    {
        "authors": "Tian Can Tu Dou,Dr. Daji,Bart.D",
        "id": 18,
        "type": "manga",
        "title": 20,
        "slug": "king-of-manifestations",
        "status": "pending",
        "is_active": 1,
        "image": "https://mytoon.net/content/upload/images/king-of-manifestations.jpg",
        "count": 332,
        "rate": 5,
        "view": 646494,
        "description": " Li Luo is Nan Feng Academy’s best student, outshining his peers. However, he was born without a manifestation and was slowly being left behind by his classmates. When Li Luo uses the solution his parents left behind to solve his problem of not having a manifestation, he falls into a bad situation which is “five years of service to the country or death”. Between heaven and earth, there are manifestations. And I, Li Luo, will become the King of Manifestations.",
        "release_at": "06/23/2022 21:30:35",
        "created_at": "2023/02/13 15:20:28",
        "updated_at": "2023/02/13 15:20:28"
    },
    {
        "authors": "Nichtigall",
        "id": 19,
        "type": "manga",
        "title": 21,
        "slug": "tread-lightly-on-thawing-ice",
        "status": "pending",
        "is_active": 1,
        "image": "https://mytoon.net/cover/tread-lightly-on-thawing-ice.jpg",
        "count": 61,
        "rate": 4,
        "view": 347049,
        "description": "not found...\n",
        "release_at": "07/17/2022 18:52:54",
        "created_at": "2023/02/13 15:26:10",
        "updated_at": "2023/02/13 15:26:10"
    },
    {
        "authors": "Updating",
        "id": 20,
        "type": "manga",
        "title": 22,
        "slug": "make-furagu-binbinna-kasshoku-mesu-gakiku-no-ichi-chan",
        "status": "pending",
        "is_active": 1,
        "image": "https://mytoon.net/cover/make-furagu-binbinna-kasshoku-mesu-gakiku-no-ichi-chan.png",
        "count": 0,
        "rate": 0,
        "view": 145,
        "description": "Make furagu binbinna kasshoku mesu gakiku no ichi chan.\n",
        "release_at": "updating",
        "created_at": "2023/02/13 15:27:18",
        "updated_at": "2023/02/13 15:27:18"
    },
    {
        "authors": "Yoon Seung Geeh",
        "id": 21,
        "type": "manga",
        "title": 23,
        "slug": "munchkin-quest",
        "status": "pending",
        "is_active": 1,
        "image": "https://mytoon.net/content/upload/images/Munchkin-Quest.jpg",
        "count": 44,
        "rate": 4,
        "view": 255339,
        "description": "Through a chance opportunity, Ian joins the supernatural intelligence agency N.E.R.D! His company life of suffering through the ins and outs with those in N.E.R.D begins!\n",
        "release_at": "04/04/2020 00:00:00",
        "created_at": "2023/02/13 15:27:21",
        "updated_at": "2023/02/13 15:27:21"
    },
    {
        "authors": "Gotou Yuuki",
        "id": 22,
        "type": "manga",
        "title": 24,
        "slug": "koi-ni-wazurai",
        "status": "pending",
        "is_active": 1,
        "image": "https://mytoon.net/cover/koi-ni-wazurai.png",
        "count": 7,
        "rate": 5,
        "view": 1181,
        "description": "Scandal: Hashimoto Misaki is a member idol group Lily-Puri. Her girlfriend, Nagisa, thinks that Misaki might be too close with one of her members, Ayame. Furthermore, a magazine has been trying to break a scandal about Misaki. The magazine eventually gets just the scoop they need that puts the pairs relationship in jeopardy.\n",
        "release_at": "05/16/2022 16:51:39",
        "created_at": "2023/02/13 15:28:13",
        "updated_at": "2023/02/13 15:28:13"
    },
    {
        "authors": "OKANO Reiko",
        "id": 23,
        "type": "manga",
        "title": 25,
        "slug": "missing-link",
        "status": "pending",
        "is_active": 1,
        "image": "https://mytoon.net/content/upload/images/Missing-Link.jpg",
        "count": 9,
        "rate": 3,
        "view": 7989,
        "description": "Est has long been under the protection of a guise of death. Aravis, a wizard and its lord protector, ventures out on a quest for answers and a higher power, against his sister Tule’s wishes. Far from fulfilling it, he is banished—and returns only to find Est in ruins, Tule little more than dead, and himself sapped of power.\n",
        "release_at": "04/04/2020 00:00:00",
        "created_at": "2023/02/13 15:28:23",
        "updated_at": "2023/02/13 15:28:23"
    },
    {
        "authors": "MIFUYU Fumi",
        "id": 24,
        "type": "manga",
        "title": 26,
        "slug": "ookiku-nattara-kekkon-suru",
        "status": "pending",
        "is_active": 1,
        "image": "https://mytoon.net/content/upload/images/Ookiku-nattara-kekkon-suru.jpg",
        "count": 39,
        "rate": 4,
        "view": 175247,
        "description": "For the past ten years Ive had a crush on my childhood friend and neighbor who is two years older than me. Our childhood promise was to get married after I grew taller than her. Then why the hell is so hard for me to overcome the height difference!?\n",
        "release_at": "04/04/2020 00:00:00",
        "created_at": "2023/02/13 15:28:36",
        "updated_at": "2023/02/13 15:28:36"
    },
    {
        "authors": "Aki Taka",
        "id": 25,
        "type": "manga",
        "title": 27,
        "slug": "kao-ni-denai-ko",
        "status": "pending",
        "is_active": 1,
        "image": "https://mytoon.net/content/upload/images/Kao-ni-Denai-Ko.jpg",
        "count": 3,
        "rate": 3,
        "view": 5227,
        "description": "Follow the daily life of Kasumi, a girl whose expressions dont show on her face, and her friend, Fumi.\n",
        "release_at": "04/04/2020 00:00:00",
        "created_at": "2023/02/13 15:29:20",
        "updated_at": "2023/02/13 15:29:20"
    },
    {
        "authors": "Three Realms And Six Paths",
        "id": 26,
        "type": "manga",
        "title": 28,
        "slug": "banished-disciples-counterattack",
        "status": "pending",
        "is_active": 1,
        "image": "https://mytoon.net/content/upload/images/Banished-Disciple-s-Counterattack.jpg",
        "count": 0,
        "rate": 4,
        "view": 2085081,
        "description": "As a loyal disciple, Ye Chen dedicated himself to guard the spiritual medicine field for his sect. But, during a fight with enemies, the spiritual field was destroyed. His loyalty and dedicating to the sect could not save him. The loyalty he thought he had obtained from his peers and lover, could not save him from betrayal. Thus, he was shamelessly banished from the sect. With the help of a flame falling from heaven, Ye Chen began to develop himself into a stronger cultivator. Battled against his opponents, unfolded his legendary life and rewrote his own story…\n",
        "release_at": "02/05/2020",
        "created_at": "2023/02/13 15:29:26",
        "updated_at": "2023/02/13 15:29:26"
    },
    {
        "authors": "NATSUME Yukiko",
        "id": 27,
        "type": "manga",
        "title": 29,
        "slug": "okoshiyasu-chitosechan",
        "status": "pending",
        "is_active": 1,
        "image": "https://mytoon.net/content/upload/images/Okoshiyasu-Chitose-chan.jpg",
        "count": 3,
        "rate": 3,
        "view": 5673,
        "description": "There a penguin living in Kyoto named Chitose-chan. This fluffy and adorable penguin loves to eat and have fun. She friendly with humans and allows them to feed her. She travels around Kyoto, letting her curiosity be her guide. This manga features famous parts of Kyoto such as Kiyomizudera, Ginkakuji, and Gion as seen from the eyes of a penguin.\n",
        "release_at": "08/25/2019 00:00:00",
        "created_at": "2023/02/13 15:45:15",
        "updated_at": "2023/02/13 15:45:15"
    },
    {
        "authors": "Park Eun-Hyuk,박은혁",
        "id": 28,
        "type": "manga",
        "title": 30,
        "slug": "hypnosis-school",
        "status": "pending",
        "is_active": 1,
        "image": "https://mytoon.net/content/upload/images/hypnosis-school.jpg",
        "count": 56,
        "rate": 5,
        "view": 272319,
        "description": " Recommended for 15 years and above audiences.",
        "release_at": "03/22/2022 00:06:58",
        "created_at": "2023/02/13 15:45:30",
        "updated_at": "2023/02/13 15:45:30"
    },
    {
        "authors": "Updating",
        "id": 29,
        "type": "manga",
        "title": 31,
        "slug": "fray",
        "status": "pending",
        "is_active": 1,
        "image": "https://mytoon.net/cover/fray.png",
        "count": 40,
        "rate": 4,
        "view": 237613,
        "description": "Add more firewood if you don’t want to turn into ashes In time of desperation, he have flames that can kill demons. However, the flames make its master a demon who desires ashes\n",
        "release_at": "08/22/2022 11:00:44",
        "created_at": "2023/02/13 16:35:04",
        "updated_at": "2023/02/13 16:35:04"
    },
    {
        "authors": "Lee jonghyeok",
        "id": 30,
        "type": "manga",
        "title": 32,
        "slug": "zombie-fight",
        "status": "pending",
        "is_active": 1,
        "image": "https://mytoon.net/cover/zombie-fight.png",
        "count": 32,
        "rate": 4,
        "view": 133485,
        "description": "As life gets harder, Ian pushes his emotions away and resists.His father’s violence and debts increase ... Thee misfortune continued and his body became increasingly numb. accidentally he walks through an illegal fight and receives an offer.If you get in the game, I will give you all the money on this floor.His survival period begins, where he must survive in an illegal fighting arena\n",
        "release_at": "07/29/2022 07:58:17",
        "created_at": "2023/02/13 16:35:54",
        "updated_at": "2023/02/13 16:35:54"
    },
    {
        "authors": "Wo Chi Xi Hong Shi",
        "id": 31,
        "type": "manga",
        "title": 33,
        "slug": "swallowed-star",
        "status": "pending",
        "is_active": 1,
        "image": "https://mytoon.net/content/upload/images/swallowed-star.jpg",
        "count": 176,
        "rate": 5,
        "view": 1297806,
        "description": "In the Year 2056, a teenager clad in a tactical vest, combat pants, and alloyed combat boots sat atop a ruined and shattered six story apartment building. The building lies in a Prefecture-level city in the Original Jiangsu area. With a Hexagonal Shield and a Bloodshadow Combat Sword on his back, the young man sat silently on the edge of the roof. Under the brilliant hue from a starry night, it brought forth a breath of fresh air as the night breeze caressed his body. However, within this now ruined city, all was silent… all except for the occasional chill-inducing howls…\n",
        "release_at": "01/01/2021",
        "created_at": "2023/02/13 16:36:32",
        "updated_at": "2023/02/13 16:36:32"
    },
    {
        "authors": "RUO HONG CULTURE",
        "id": 32,
        "type": "manga",
        "title": 36,
        "slug": "xray-vision",
        "status": "pending",
        "is_active": 1,
        "image": "https://mytoon.net/content/upload/images/2356-hm920955.jpg",
        "count": 296,
        "rate": 4,
        "view": 1442221,
        "description": "X-Ray Vision manga summary: An ordinary and impulsive teenager gets x-ray vision after an accident. How will his life change? Money and power are at his fingertips. Let see how he lives his new life without regard for anything and becomes a legend of the city!\n",
        "release_at": "10/25/2019 00:00:00",
        "created_at": "2023/02/13 16:41:32",
        "updated_at": "2023/02/13 16:41:32"
    },
    {
        "authors": "Palm Reading",
        "id": 33,
        "type": "manga",
        "title": 37,
        "slug": "return-of-immortal-emperor",
        "status": "pending",
        "is_active": 1,
        "image": "https://mytoon.net/content/upload/images/Return-of-Immortal-Emperor.jpg",
        "count": 369,
        "rate": 4,
        "view": 2175474,
        "description": "....\n",
        "release_at": "07/05/2022 00:41:47",
        "created_at": "2023/02/13 16:47:16",
        "updated_at": "2023/02/13 16:47:16"
    },
    {
        "authors": "Momo (II)",
        "id": 34,
        "type": "manga",
        "title": 38,
        "slug": "martial-peak",
        "status": "pending",
        "is_active": 1,
        "image": "https://mytoon.net/content/upload/images/Martial-Peak.jpg",
        "count": 0,
        "rate": 5,
        "view": 24090151,
        "description": "The journey to the martial peak is a lonely, solitary and long one.In the face of adversity,you must survive and remain unyielding.Only then can you break through and and continue on your journey to become the strongest. Sky Tower tests its disciples in the harshest ways to prepare them for this journey.One day the lowly sweeper Yang Kai managed to obtain a black book, setting him on the road to the peak of the martials world. -MangaUpdates\n",
        "release_at": "06/23/2022 04:08:49",
        "created_at": "2023/02/13 16:54:35",
        "updated_at": "2023/02/13 16:54:35"
    }
]