[
    {
        "manga_link": "/manga/manga-oj992266",
        "manga_img": "/mangaimage/manga-oj992266.jpg",
        "manga_value": "4.18"
    },
    {
        "manga_link": "/manga/manga-jk987293",
        "manga_img": "/mangaimage/manga-jk987293.jpg",
        "manga_value": "4.12"
    },
    {
        "manga_link": "/manga/manga-jo986897",
        "manga_img": "/mangaimage/manga-jo986897.jpg",
        "manga_value": "4.56"
    },
    {
        "manga_link": "/manga/manga-nj990718",
        "manga_img": "/mangaimage/manga-nj990718.jpg",
        "manga_value": "2.86"
    },
    {
        "manga_link": "/manga/manga-kr988100",
        "manga_img": "/mangaimage/manga-kr988100.jpg",
        "manga_value": "4.65"
    },
    {
        "manga_link": "/manga/manga-jw987305",
        "manga_img": "/mangaimage/manga-jw987305.jpg",
        "manga_value": "4.06"
    },
    {
        "manga_link": "/manga/manga-ma989857",
        "manga_img": "/mangaimage/manga-ma989857.jpg",
        "manga_value": "4.1"
    },
    {
        "manga_link": "/manga/manga-mh989964",
        "manga_img": "/mangaimage/manga-mh989964.jpg",
        "manga_value": "4.5"
    },
    {
        "manga_link": "/manga/manga-pj992592",
        "manga_img": "/mangaimage/manga-pj992592.jpg",
        "manga_value": "4.28"
    },
    {
        "manga_link": "/manga/manga-kh957642",
        "manga_img": "/mangaimage/manga-kh957642.jpg",
        "manga_value": "3.41"
    },
    {
        "manga_link": "/manga/manga-se970261",
        "manga_img": "/mangaimage/manga-se970261.jpg",
        "manga_value": "4.88"
    },
    {
        "manga_link": "/manga/manga-ng990541",
        "manga_img": "/mangaimage/manga-ng990541.jpg",
        "manga_value": "4.3"
    },
    {
        "manga_link": "/manga/manga-np990572",
        "manga_img": "/mangaimage/manga-np990572.jpg",
        "manga_value": "4.4"
    },
    {
        "manga_link": "/manga/manga-iu985855",
        "manga_img": "/mangaimage/manga-iu985855.jpg",
        "manga_value": "4.67"
    },
    {
        "manga_link": "/manga/manga-nb991336",
        "manga_img": "/mangaimage/manga-nb991336.jpg",
        "manga_value": "3.81"
    },
    {
        "manga_link": "/manga/manga-bl978894",
        "manga_img": "/mangaimage/manga-bl978894.jpg",
        "manga_value": "4.42"
    },
    {
        "manga_link1": "/manga/manga-oj992266",
        "manga_title": "Dekiai Osananajimi Ha Watashi No Otto De Stalker!?",
        "manga_pan1": "1.3M\n                  ",
        "manga_pan2": "Sep 30,2022 - 23:39 PM",
        "manga_font": "\n                  Rainbow D:Aoi married her childhood friend, Ren, who she’s loved since she was younger. However, Ren has never once touched Aoi. She has tried to seduce him in the past to no avail. One day, she goes into his locked room and what she finds changes the course of their relationship forever… \n                  \n",
        "manga_them": "/manga/manga-oj992266"
    },
    {
        "manga_link1": "/manga/manga-jk987293",
        "manga_title": "This Question Is Super Difficult",
        "manga_pan1": "810.2K\n                  ",
        "manga_pan2": "Sep 30,2022 - 19:57 PM",
        "manga_font": "\n                  Who would’ve thought that rivals, the academic tyrant, Xu Sheng, and the top student, Zhao Zhan, would exchange bodies a few times and then start to like each other secretly! After many clueless situations the two became closer to each other, after they experience some funny stories and incidents, they finally understand their feelings for each other. \n                  \n",
        "manga_them": "/manga/manga-jk987293"
    },
    {
        "manga_link1": "/manga/manga-jo986897",
        "manga_title": "Nengara Nenbyaku Ansatsu Renka",
        "manga_pan1": "3.9M\n                  ",
        "manga_pan2": "Sep 30,2022 - 14:55 PM",
        "manga_font": "\n                  The Haiboshi family's line of work is assassination. Takatori, their princess, picks up a boy named Raika who swore to dedicate everything. \n                  \n",
        "manga_them": "/manga/manga-jo986897"
    },
    {
        "manga_link1": "/manga/manga-nj990718",
        "manga_title": "Choose Wood And Dwell",
        "manga_pan1": "204.7K\n                  ",
        "manga_pan2": "Sep 30,2022 - 13:56 PM",
        "manga_font": "\n                  Choose Wood and Dwell summary is updating. Come visit MangaNato.com sometime to read the latest chapter of Choose Wood and Dwell. If you have any question about this manga, Please don't hesitate to contact us or translate team. Hope you enjoy it. \n                  \n",
        "manga_them": "/manga/manga-nj990718"
    },
    {
        "manga_link1": "/manga/manga-kr988100",
        "manga_title": "Story Of A ",
        "manga_pan1": "4.7M\n                  ",
        "manga_pan2": "Sep 30,2022 - 13:55 PM",
        "manga_font": "\n                  A world where life is determined by the natural . Fuuta, who was despised and exhausted because he was the strongest champion in the Colosseum but was , was banished from the Colosseum on his own match-fixing plan. After that, Fuuta, who met Princess Lilac at the end of the wandering, was asked for a duel for some reason-expected to have overwhelming ability due to his special fighting style, and was invited as an early bird = pimp! \"Be proud of yourself. I expected your value.\" While living a comfortable life, in an emergency, he will demonstrate his outstanding sword talent as a former champion! The strongest who was unreasonably despised finally rewards a life reversal fantasy, opening here !! \n                  \n",
        "manga_them": "/manga/manga-kr988100"
    },
    {
        "manga_link1": "/manga/manga-jw987305",
        "manga_title": "Kininaru Danshi Ni ○○ Suru On'nanoko.",
        "manga_pan1": "5.6M\n                  ",
        "manga_pan2": "Sep 30,2022 - 13:12 PM",
        "manga_font": "\n                  Girls in different positions with same goal. \n                  \n",
        "manga_them": "/manga/manga-jw987305"
    },
    {
        "manga_link1": "/manga/manga-ma989857",
        "manga_title": "The Prince Is A Giant Tiger!",
        "manga_pan1": "451.6K\n                  ",
        "manga_pan2": "Sep 30,2022 - 13:09 PM",
        "manga_font": "\n                   Like many novel characters, Yun Caiwei transmigrated into the past. All seems well, except for the fact that she found herself in the shoes of a frail, delicate, and foolish girl. To make matters worse, her male counterpart is a giant tiger! When he's a human, this prince pampers and teases her while dominating her passively. When he's a tiger however...he somehow becomes...an adorable kitty cat? \n                  \n",
        "manga_them": "/manga/manga-ma989857"
    },
    {
        "manga_link1": "/manga/manga-mh989964",
        "manga_title": "Right Now, She's Still My Childhood Friend's Sister.",
        "manga_pan1": "1.7M\n                  ",
        "manga_pan2": "Sep 30,2022 - 13:06 PM",
        "manga_font": "\n                  Touki Futahara is the younger sister of Iori Fuyutsuki's childhood friend and an incoming student at their high school. She's a self-proclaimed little devil and \"the girl most envied by seniors.\" Now she's waiting at Touki's door every morning.\"Senpai! Give me your hand! Let's hold hands to stay warm!\"But Iori knows that Touki's actually more like a shy puppy who blushes at the slightest touch. All the bold teasing is just an act, and she's feeling nervous inside. \n                  \n",
        "manga_them": "/manga/manga-mh989964"
    },
    {
        "manga_link1": "/manga/manga-pj992592",
        "manga_title": "Experience: Scene Of Xx",
        "manga_pan1": "366.5K\n                  ",
        "manga_pan2": "Sep 30,2022 - 12:25 PM",
        "manga_font": "\n                  .Yeon Jihoon, the failed idol who is the group leader of BIGGEST was chosen to get casted on Healing Ent variety show, INNER PEACE. In order for BIGGEST album it be released, the show must be successful. Will Jihoon be able to do it? \n                  \n",
        "manga_them": "/manga/manga-pj992592"
    },
    {
        "manga_link1": "/manga/manga-kh957642",
        "manga_title": "Trigger",
        "manga_pan1": "550K\n                  ",
        "manga_pan2": "Sep 30,2022 - 12:16 PM",
        "manga_font": "\n                  1) Trigger - Sawada owes a lot to Kagami, the yakuza that picked him up off the street, but hearing a shocking secret about Kagami changes Sawada's feelings for him. He's also been given an important job involving Kagami...2) Steal Me - A beautiful young thief stealing information finds himself at the mercy of the owner of the house.3-4) Risky Bet - Iwase is a gambler determined to get revenge for his uncle's death. But getting close to his uncle's employers is harder than he thought. Professional gambler Shidou offers to help Iwasse, but he won't do it for free...5) Me in the Palm of a Hand- Pure hearted Hinata loves sweet and gentle girls, but every one he's interested in is taken away by coworker and ladies man Fujimaki. Is Fujimaki deliberately bullying Hinata?6) The Power of Glasses- Reporter Oota gets assigned to work with his friend from college Kaneko that he hasn't seen in four years. When his heart beats faster at seeing Kaneko wearing glasses, Oota knows he's in for trouble...7) My Fair Prince- When foreign prince Julius comes to Japan for a week to sight see, he wants to go incognito. Since his (sort-of) relative Doujima works at the embassy, Julius wants Doujima to escort him. By turns pouty and childish, commanding, and sweet, Julius begins to unconciously charm the older man. But when the week's up, will Doujima be able to give up his treasured prince?8) As You Like It - Jobless Kobayashi, on his way back from another failed interview bumps into a scary guy and spoils his suit. His offer to pay for the cleaning is turned down and he is told that he would pay another way. Dumbfounded, he finds himself dragged to expensive suit shops and restaurants... Just what does this man want from him?9) Fever- Continuation of 1. \n                  \n",
        "manga_them": "/manga/manga-kh957642"
    },
    {
        "manga_link1": "/manga/manga-se970261",
        "manga_title": "Blue Giant",
        "manga_pan1": "4.1M\n                  ",
        "manga_pan2": "Sep 30,2022 - 12:08 PM",
        "manga_font": "\n                  A high school 3rd year student, Miyamoto Dai, whose heart was touched by Jazz, continued to play the Saxophone alone in Kawahara, rain or shine, day or night, for many years. \"I want to become the world's best Saxophone player...!!\" Effort, talent, faith, environment, luck...which are necessary? A tale of reaching towards his goal recklessly and sincerely begins in Hirosegawa, Sendai.Note: Was nominated for the 8th and 9th Manga Taisho Award. \n                  \n",
        "manga_them": "/manga/manga-se970261"
    },
    {
        "manga_link1": "/manga/manga-ng990541",
        "manga_title": "My Big Sister Is Love Youkai",
        "manga_pan1": "3.1M\n                  ",
        "manga_pan2": "Sep 30,2022 - 09:29 AM",
        "manga_font": "\n                  ♪A little ecchi Love-Comedy Between Apparition Onee-san and Human Shota-ish.Yuuki Kuwahara, a boy who decided to live alone at his father 's parents house when He entered high school.He used to plays alone at his grandparents house ... with a pleasant expectation that He may meet again with a longing person He met when He was a child!However, in that house where nobody was supposed to be live in. But, the unexpected welcome waited for Yuuki ...!Boy and Youkai Girls will living under the \"one roof\"! Heartwarming oneshota love comedy started!♪ \n                  \n",
        "manga_them": "/manga/manga-ng990541"
    },
    {
        "manga_link1": "/manga/manga-np990572",
        "manga_title": "My Fake Girlfriends Are Using Me As A Shield",
        "manga_pan1": "1.8M\n                  ",
        "manga_pan2": "Sep 30,2022 - 08:26 AM",
        "manga_font": "\n                  One day, I was suddenly confessed by a girl, in order to reject her, I had to find a fake girlfriend. I didn't expect that my plan to avoid trouble would lead to an even bigger trouble? The arrogant Archery Department \" Vicious Princess\", the \"White Fox\" who is good at flirting, the long black straight \"Flower of the Highlands\", and the sickly brother and sister plot! Is my youthful love story also full of problems? \n                  \n",
        "manga_them": "/manga/manga-np990572"
    },
    {
        "manga_link1": "/manga/manga-iu985855",
        "manga_title": "A Strange Life",
        "manga_pan1": "1M\n                  ",
        "manga_pan2": "Sep 30,2022 - 06:24 AM",
        "manga_font": "\n                  Unable to handle her huge debts, office worker Ki Myo Hee decides to commit suicide by jumping off the roof of a commercial building. Just then, a Grim Reaper appears in front of her and tells her to try living for 100 more days?! When she opens her eyes, she finds out that the life she has regained is not of a human’s but that of a cat’s? \n                  \n",
        "manga_them": "/manga/manga-iu985855"
    },
    {
        "manga_link1": "/manga/manga-nb991336",
        "manga_title": "Detective Conan: Zero’S Tea Time",
        "manga_pan1": "137.9K\n                  ",
        "manga_pan2": "Sep 30,2022 - 03:27 AM",
        "manga_font": "\n                  A Detective Conan spinoff featuring Amuro Tooru, a man of three faces - Bourbon, the Black Organization operative, Amuro Tooru, the private detective and Café Poirot waiter, and Furuya Rei, the NPA officer. Delve into his everyday life that no one's seen before! \n                  \n",
        "manga_them": "/manga/manga-nb991336"
    },
    {
        "manga_link1": "/manga/manga-bl978894",
        "manga_title": "Zero's Tea Time",
        "manga_pan1": "1.3M\n                  ",
        "manga_pan2": "Sep 30,2022 - 02:38 AM",
        "manga_font": "\n                  A Detective Conan spinoff featuring Amuro Tooru, a man of three faces - Bourbon, the Black Organization operative, Amuro Tooru, the private detective and Café Poirot waiter, and Furuya Rei, the NPA officer. Delve into his everyday life that no one's seen before!\n                  \n",
        "manga_them": "/manga/manga-bl978894"
    }
]